method,class,near_n,near_recall,mid_n,mid_recall,far_n,far_recall
camera,Pedestrian,1245,0.6,439,0.18906605922551253,55,0.0
camera,Cyclist,183,0.3005464480874317,279,0.0035842293906810036,82,0.0
camera,Car,2875,0.9725217391304348,3822,0.8655154369440083,1179,0.7608142493638677
lidar,Pedestrian,1245,0.691566265060241,439,0.5466970387243736,55,0.16363636363636364
lidar,Cyclist,183,0.8852459016393442,279,0.6810035842293907,82,0.35365853658536583
lidar,Car,2875,0.9954782608695653,3822,0.9599686028257457,1179,0.8405428329092451
fusion,Pedestrian,1245,0.478714859437751,439,0.1480637813211845,55,0.0
fusion,Cyclist,183,0.28415300546448086,279,0.0035842293906810036,82,0.0
fusion,Car,2875,0.9721739130434782,3822,0.8571428571428571,1179,0.7158608990670059
proposed,Pedestrian,1245,0.653012048192771,439,0.25968109339407747,55,0.0
proposed,Cyclist,183,0.8087431693989071,279,0.37992831541218636,82,0.07317073170731707
proposed,Car,2875,0.9979130434782608,3822,0.9471480900052328,1179,0.8295165394402035
